desvio_valor_signed,desvio_valor_abs,desvio_valor_pct,diff_vencimento_dias,cnpj_divergente,banco_divergente,reputacao_score,historico_fraude,dias_desde_abertura,label
0.0,0.0,0.0,6,0,0,40,3,78,fraude
46.99,46.99,0.076869,0,0,0,10,1,39,fraude
-0.3,0.3,5.7e-05,1,1,0,5,3,518,fraude
9024.69,9024.69,2.340731,8,0,1,95,0,2295,fraude
-19.89,19.89,0.00211,0,0,0,90,0,2849,suspeito
-128.41,128.41,0.327435,1,0,0,88,3,3229,fraude
0.0,0.0,0.0,5,0,0,5,3,518,fraude
-48.1,48.1,0.0084,6,0,0,88,3,3229,fraude
-14.52,14.52,0.001504,0,0,1,5,3,518,fraude
-81.43,81.43,0.775893,1,0,1,88,3,3229,fraude
-5001.81,5001.81,0.766183,0,1,0,40,3,78,fraude
-19.76,19.76,0.007099,12,0,0,88,3,3229,fraude
6.43,6.43,0.014216,0,0,0,40,3,78,fraude
0.0,0.0,0.0,0,0,0,90,0,2849,seguro
0.0,0.0,0.0,54,0,0,40,3,78,fraude
-40.56,40.56,0.004542,8,0,0,90,0,2849,fraude
-100.9,100.9,0.012321,0,0,0,0,3,1701,fraude
-20.79,20.79,0.009337,0,0,0,10,1,39,fraude
0.0,0.0,0.0,0,1,0,40,3,78,fraude
-34.35,34.35,0.009861,0,0,0,100,1,5167,fraude
12.64,12.64,0.001876,1,0,0,40,3,78,fraude
-35.09,35.09,0.022644,5,0,1,30,0,111,fraude
0.0,0.0,0.0,0,0,0,95,0,2295,seguro
-937.13,937.13,0.794811,0,0,0,0,3,1701,fraude
0.0,0.0,0.0,21,0,0,0,3,1701,fraude
-5812.46,5812.46,0.799155,9,0,0,95,0,2295,fraude
-1.45,1.45,0.000161,0,0,1,90,0,2849,fraude
4009.93,4009.93,0.888761,0,0,0,10,1,39,fraude
-3872.36,3872.36,0.594481,1,1,0,88,3,3229,fraude
0.9,0.9,9.2e-05,0,0,0,10,1,39,fraude
14.76,14.76,0.007407,0,0,0,30,0,111,fraude
0.0,0.0,0.0,1,0,0,0,3,1701,fraude
0.0,0.0,0.0,9,0,0,90,0,2849,suspeito
0.0,0.0,0.0,1,0,0,95,0,2295,seguro
35.15,35.15,0.004003,1,0,0,5,3,518,fraude
0.0,0.0,0.0,0,0,0,0,3,1701,fraude
44.61,44.61,0.006342,0,0,1,88,3,3229,fraude
6688.73,6688.73,4.199722,2,1,0,0,3,1701,fraude
0.0,0.0,0.0,5,0,0,10,1,39,fraude
0.0,0.0,0.0,39,1,0,40,3,78,fraude
0.0,0.0,0.0,0,0,0,95,0,2295,seguro
-0.24,0.24,2.6e-05,0,0,0,5,3,518,fraude
28.16,28.16,0.002948,1,0,0,30,0,111,fraude
0.0,0.0,0.0,0,0,0,0,3,1701,fraude
0.0,0.0,0.0,0,0,0,100,1,5167,seguro
-2266.19,2266.19,0.238697,0,0,0,5,3,518,fraude
0.0,0.0,0.0,0,0,1,88,3,3229,fraude
-7.3,7.3,0.001075,4,0,0,88,3,3229,fraude
0.0,0.0,0.0,0,0,0,30,0,111,seguro
0.0,0.0,0.0,3,0,0,40,3,78,fraude
-31.82,31.82,0.02596,5,0,0,40,3,78,fraude
16695.02,16695.02,2.066724,0,0,0,88,3,3229,fraude
-37.26,37.26,0.015371,0,0,0,100,1,5167,fraude
0.0,0.0,0.0,85,0,0,95,0,2295,seguro
-22.97,22.97,0.003991,0,0,0,90,0,2849,suspeito
-1035.04,1035.04,0.877919,14,0,0,0,3,1701,fraude
-42.01,42.01,0.004336,7,1,0,85,0,975,fraude
-43.29,43.29,0.018261,2,0,0,100,1,5167,fraude
24.6,24.6,0.00696,0,0,0,90,0,2849,suspeito
0.0,0.0,0.0,0,1,0,85,0,975,suspeito
0.0,0.0,0.0,0,0,1,30,0,111,suspeito
84.74,84.74,0.495729,7,0,0,5,3,518,fraude
14568.19,14568.19,2.619778,1,0,0,90,0,2849,fraude
0.0,0.0,0.0,81,0,0,40,3,78,fraude
0.0,0.0,0.0,0,0,0,100,1,5167,seguro
0.0,0.0,0.0,0,1,0,90,0,2849,suspeito
-21.49,21.49,0.002956,14,1,0,95,0,2295,fraude
-7327.19,7327.19,0.75533,0,0,0,0,3,1701,fraude
-7786.41,7786.41,0.899748,62,0,0,40,3,78,fraude
0.0,0.0,0.0,86,0,0,100,1,5167,suspeito
0.0,0.0,0.0,0,0,0,88,3,3229,suspeito
-43.96,43.96,0.007933,0,1,1,30,0,111,fraude
11.44,11.44,0.001839,0,1,0,100,1,5167,fraude
0.0,0.0,0.0,0,0,0,95,0,2295,seguro
-40.03,40.03,0.00761,0,0,0,40,3,78,fraude
0.58,0.58,0.000107,0,0,0,95,0,2295,seguro
-1514.76,1514.76,0.434105,1,0,0,90,0,2849,fraude
-18.44,18.44,0.003347,2,0,0,100,1,5167,fraude
0.68,0.68,0.000702,0,0,0,0,3,1701,fraude
0.0,0.0,0.0,0,0,0,90,0,2849,seguro
0.0,0.0,0.0,0,1,0,88,3,3229,fraude
-12.88,12.88,0.002861,0,0,1,85,0,975,fraude
0.0,0.0,0.0,0,0,0,0,3,1701,fraude
0.0,0.0,0.0,0,0,0,0,3,1701,fraude
0.0,0.0,0.0,0,0,0,30,0,111,seguro
0.0,0.0,0.0,0,0,0,10,1,39,fraude
0.0,0.0,0.0,9,0,1,90,0,2849,suspeito
-5191.03,5191.03,0.520525,88,0,0,90,0,2849,fraude
-4697.37,4697.37,0.648555,0,0,0,88,3,3229,fraude
0.0,0.0,0.0,1,0,0,90,0,2849,seguro
-19.09,19.09,0.005891,0,0,0,90,0,2849,suspeito
-38.25,38.25,0.014805,1,0,0,90,0,2849,suspeito
21.02,21.02,0.002469,84,0,0,30,0,111,fraude
41.57,41.57,0.078651,5,0,0,10,1,39,fraude
-45.49,45.49,0.018993,0,0,0,100,1,5167,fraude
-22.5,22.5,0.003594,1,0,0,95,0,2295,suspeito
-3085.37,3085.37,0.565257,0,0,0,85,0,975,fraude
-3813.3,3813.3,0.71171,0,0,0,30,0,111,fraude
0.0,0.0,0.0,1,0,0,40,3,78,fraude
-25.61,25.61,0.005571,0,0,0,90,0,2849,suspeito
-28.71,28.71,0.167483,1,0,0,85,0,975,suspeito
0.94,0.94,0.000233,0,0,0,10,1,39,fraude
30.06,30.06,0.011573,0,0,0,0,3,1701,fraude
46.78,46.78,0.010955,32,1,0,0,3,1701,fraude
0.0,0.0,0.0,72,0,0,5,3,518,fraude
-63.89,63.89,0.018873,0,0,0,100,1,5167,fraude
0.0,0.0,0.0,1,0,0,10,1,39,fraude
0.0,0.0,0.0,0,0,0,88,3,3229,suspeito
0.0,0.0,0.0,0,0,0,10,1,39,fraude
-4.29,4.29,0.00085,1,0,0,88,3,3229,fraude
0.56,0.56,0.001354,0,0,0,30,0,111,seguro
6.05,6.05,0.001211,0,1,0,85,0,975,fraude
-21.03,21.03,0.007664,0,0,0,5,3,518,fraude
0.0,0.0,0.0,0,0,0,40,3,78,fraude
-12.67,12.67,0.006937,0,0,0,100,1,5167,fraude
0.0,0.0,0.0,0,0,1,90,0,2849,seguro
0.0,0.0,0.0,0,0,0,5,3,518,fraude
0.0,0.0,0.0,0,0,0,100,1,5167,seguro
18.78,18.78,0.005389,4,0,0,100,1,5167,fraude
-37.34,37.34,0.007662,1,0,0,30,0,111,fraude
21991.16,21991.16,2.63129,0,0,1,10,1,39,fraude
0.72,0.72,0.000176,0,1,0,30,0,111,fraude
0.0,0.0,0.0,1,0,0,10,1,39,fraude
0.0,0.0,0.0,74,1,0,5,3,518,fraude
-315.02,315.02,0.432079,68,0,0,5,3,518,fraude
0.27,0.27,0.000194,0,0,0,10,1,39,fraude
-17.38,17.38,0.003484,6,0,0,30,0,111,fraude
0.0,0.0,0.0,6,1,0,88,3,3229,fraude
0.0,0.0,0.0,0,0,0,10,1,39,fraude
-38.19,38.19,0.005028,1,0,0,88,3,3229,fraude
0.0,0.0,0.0,35,1,0,85,0,975,fraude
0.0,0.0,0.0,0,0,0,100,1,5167,seguro
0.0,0.0,0.0,2,0,0,90,0,2849,seguro
0.0,0.0,0.0,1,1,0,95,0,2295,suspeito
-37.15,37.15,0.006871,0,0,0,30,0,111,fraude
-148.11,148.11,0.566105,48,1,1,85,0,975,fraude
0.62,0.62,0.000153,8,0,1,30,0,111,fraude
0.0,0.0,0.0,0,0,0,30,0,111,seguro
0.0,0.0,0.0,82,1,0,100,1,5167,fraude
-5332.09,5332.09,0.542751,34,0,1,10,1,39,fraude
-30.78,30.78,0.003264,0,0,0,88,3,3229,fraude
-4706.38,4706.38,0.569039,0,0,0,95,0,2295,fraude
0.0,0.0,0.0,7,0,0,30,0,111,fraude
-5.48,5.48,0.000921,4,0,0,0,3,1701,fraude
-6973.68,6973.68,0.729561,1,0,1,95,0,2295,fraude
0.0,0.0,0.0,0,0,0,88,3,3229,suspeito
0.0,0.0,0.0,7,0,0,100,1,5167,suspeito
33.26,33.26,0.003783,4,0,0,30,0,111,fraude
0.0,0.0,0.0,1,0,0,0,3,1701,fraude
-59.4,59.4,0.587015,11,0,0,40,3,78,fraude
0.0,0.0,0.0,0,0,0,40,3,78,fraude
-48.19,48.19,0.006322,0,0,0,95,0,2295,suspeito
-4.32,4.32,0.000461,0,0,1,10,1,39,fraude
-707.35,707.35,0.891756,1,0,0,5,3,518,fraude
0.0,0.0,0.0,0,0,0,90,0,2849,seguro
0.94,0.94,0.000576,0,0,0,5,3,518,fraude
12.27,12.27,0.001459,0,0,0,90,0,2849,suspeito
0.0,0.0,0.0,0,1,0,5,3,518,fraude
0.96,0.96,0.000111,0,0,0,85,0,975,seguro
15.41,15.41,0.067668,12,0,0,90,0,2849,fraude
-22.08,22.08,0.017042,0,0,1,40,3,78,fraude
3303.99,3303.99,0.757655,0,0,0,88,3,3229,fraude
-43.15,43.15,0.014617,9,0,0,10,1,39,fraude
28.42,28.42,0.004583,0,0,0,10,1,39,fraude
0.0,0.0,0.0,3,0,0,30,0,111,suspeito
0.0,0.0,0.0,1,0,0,85,0,975,seguro
-31.03,31.03,0.005199,0,0,0,10,1,39,fraude
-30.28,30.28,0.00457,8,0,0,40,3,78,fraude
30.07,30.07,0.006812,1,0,0,5,3,518,fraude
-0.05,0.05,6e-06,0,1,0,88,3,3229,fraude
32415.15,32415.15,3.253383,0,0,1,100,1,5167,fraude
-0.35,0.35,4.7e-05,0,0,1,5,3,518,fraude
-2.44,2.44,0.000472,0,0,0,30,0,111,fraude
-1166.41,1166.41,0.196237,1,0,0,95,0,2295,fraude
-0.6,0.6,7.7e-05,1,0,0,95,0,2295,seguro
-1033.66,1033.66,0.411825,0,0,0,0,3,1701,fraude
0.0,0.0,0.0,0,0,1,10,1,39,fraude
0.24,0.24,2.5e-05,0,0,0,90,0,2849,seguro
0.0,0.0,0.0,0,0,0,5,3,518,fraude
0.0,0.0,0.0,0,0,0,0,3,1701,fraude
-1127.97,1127.97,0.192018,0,0,1,88,3,3229,fraude
0.93,0.93,0.000735,0,0,1,30,0,111,suspeito
0.68,0.68,0.00017,0,0,0,5,3,518,fraude
-7.16,7.16,0.00207,0,1,0,85,0,975,fraude
0.0,0.0,0.0,1,0,0,40,3,78,fraude
-3204.23,3204.23,0.517013,0,0,0,85,0,975,fraude
-4492.98,4492.98,0.745592,1,0,0,30,0,111,fraude
32634.11,32634.11,3.763566,0,0,0,0,3,1701,fraude
0.0,0.0,0.0,1,0,0,85,0,975,seguro
-1.28,1.28,0.001027,0,0,0,30,0,111,fraude
-30.23,30.23,0.007882,0,0,1,100,1,5167,fraude
-27.58,27.58,0.003626,75,0,1,5,3,518,fraude
0.0,0.0,0.0,0,0,0,5,3,518,fraude
-41.3,41.3,0.005761,0,0,1,85,0,975,fraude
0.0,0.0,0.0,0,0,0,0,3,1701,fraude
0.0,0.0,0.0,4,0,1,100,1,5167,suspeito
16591.93,16591.93,4.118065,0,1,0,85,0,975,fraude
0.0,0.0,0.0,77,1,0,88,3,3229,fraude
0.0,0.0,0.0,0,0,0,88,3,3229,suspeito
0.0,0.0,0.0,33,0,0,5,3,518,fraude
42.71,42.71,0.013978,1,0,0,100,1,5167,suspeito
43.28,43.28,0.025137,0,1,1,100,1,5167,fraude
-12.37,12.37,0.002031,0,0,0,95,0,2295,suspeito
1.78,1.78,0.000397,0,0,0,10,1,39,fraude
0.0,0.0,0.0,0,1,0,10,1,39,fraude
0.0,0.0,0.0,0,1,0,10,1,39,fraude
-34.33,34.33,0.012493,0,0,0,100,1,5167,fraude
23.8,23.8,0.00425,0,0,0,10,1,39,fraude
-0.42,0.42,0.000241,5,0,0,0,3,1701,fraude
38.66,38.66,0.155099,0,0,1,88,3,3229,fraude
7.26,7.26,0.00775,7,0,1,10,1,39,fraude
0.0,0.0,0.0,0,0,0,85,0,975,seguro
-1414.34,1414.34,0.150035,8,0,0,40,3,78,fraude
-36.35,36.35,0.005378,0,0,0,95,0,2295,suspeito
0.0,0.0,0.0,0,0,0,100,1,5167,seguro
-7.82,7.82,0.002466,7,0,0,10,1,39,fraude
-6.97,6.97,0.000844,0,0,0,0,3,1701,fraude
0.0,0.0,0.0,1,0,0,90,0,2849,seguro
0.0,0.0,0.0,3,0,0,40,3,78,fraude
0.0,0.0,0.0,0,0,0,0,3,1701,fraude
0.0,0.0,0.0,0,0,0,40,3,78,fraude
-4299.58,4299.58,0.653983,8,0,0,90,0,2849,fraude
0.18,0.18,3.4e-05,0,0,0,40,3,78,fraude
7.72,7.72,0.00293,0,0,1,10,1,39,fraude
0.0,0.0,0.0,0,1,0,85,0,975,suspeito
0.0,0.0,0.0,0,0,0,100,1,5167,seguro
0.0,0.0,0.0,0,0,0,85,0,975,seguro
0.0,0.0,0.0,0,0,0,30,0,111,seguro
-33.31,33.31,0.007176,9,0,0,88,3,3229,fraude
-34.33,34.33,0.004647,0,1,0,100,1,5167,fraude
0.0,0.0,0.0,30,0,0,95,0,2295,seguro
13.99,13.99,0.002113,0,1,0,100,1,5167,fraude
-19.72,19.72,0.00256,0,1,0,88,3,3229,fraude
-1428.37,1428.37,0.297042,0,0,0,5,3,518,fraude
-31.21,31.21,0.00339,0,1,0,100,1,5167,fraude
-0.61,0.61,0.00014,39,0,0,88,3,3229,fraude
-15.01,15.01,0.001691,8,0,0,95,0,2295,fraude
28.33,28.33,0.002895,0,1,0,100,1,5167,fraude
-430.49,430.49,0.043716,0,1,0,10,1,39,fraude
0.0,0.0,0.0,0,0,0,95,0,2295,seguro
-34.76,34.76,0.011546,8,0,0,95,0,2295,fraude
49.6,49.6,0.019805,0,0,0,88,3,3229,fraude
31.18,31.18,0.005595,0,0,0,0,3,1701,fraude
-132.93,132.93,0.015811,1,0,0,5,3,518,fraude
0.5,0.5,5.9e-05,0,0,0,95,0,2295,seguro
-0.69,0.69,0.000175,0,0,0,5,3,518,fraude
-0.87,0.87,0.000223,0,0,0,0,3,1701,fraude
-40.44,40.44,0.006679,0,0,0,88,3,3229,fraude
0.0,0.0,0.0,7,0,0,95,0,2295,seguro
0.0,0.0,0.0,0,1,0,40,3,78,fraude
-21.64,21.64,0.002318,1,0,0,0,3,1701,fraude
-10.04,10.04,0.001749,0,0,1,40,3,78,fraude
-35.19,35.19,0.005986,60,0,0,30,0,111,fraude
-0.93,0.93,0.000192,1,0,1,100,1,5167,suspeito
-0.72,0.72,0.000144,7,0,0,40,3,78,fraude
0.0,0.0,0.0,0,0,0,0,3,1701,fraude
48.77,48.77,0.017466,0,0,0,95,0,2295,suspeito
0.0,0.0,0.0,66,0,0,90,0,2849,seguro
0.0,0.0,0.0,1,0,0,40,3,78,fraude
0.0,0.0,0.0,1,0,0,5,3,518,fraude
0.0,0.0,0.0,0,0,0,95,0,2295,seguro
-6.62,6.62,0.001175,3,0,0,10,1,39,fraude
0.0,0.0,0.0,0,0,0,30,0,111,seguro
-4.05,4.05,0.00062,0,0,0,95,0,2295,suspeito
0.0,0.0,0.0,0,0,0,95,0,2295,seguro
-8.92,8.92,0.006829,0,0,0,88,3,3229,fraude
-5.61,5.61,0.001001,0,0,0,5,3,518,fraude
0.0,0.0,0.0,4,0,0,40,3,78,fraude
29.3,29.3,0.010079,1,0,0,88,3,3229,fraude
-9.14,9.14,0.002029,1,0,0,5,3,518,fraude
-2.64,2.64,0.000518,0,0,0,88,3,3229,fraude
0.0,0.0,0.0,1,0,0,10,1,39,fraude
16.83,16.83,0.013271,68,0,1,40,3,78,fraude
0.0,0.0,0.0,0,0,0,0,3,1701,fraude
-35.8,35.8,0.004366,0,0,0,0,3,1701,fraude
-3902.19,3902.19,0.475785,0,1,1,85,0,975,fraude
0.0,0.0,0.0,0,0,0,30,0,111,seguro
-5622.39,5622.39,0.760421,0,1,0,10,1,39,fraude
-4.41,4.41,0.001343,0,0,0,85,0,975,suspeito
-15.96,15.96,0.002294,0,1,0,95,0,2295,fraude
-6483.04,6483.04,0.690704,6,0,0,90,0,2849,fraude
0.0,0.0,0.0,0,0,0,10,1,39,fraude
-0.04,0.04,0.000175,31,0,0,90,0,2849,suspeito
26123.61,26123.61,3.108976,1,0,0,0,3,1701,fraude
0.0,0.0,0.0,1,0,1,95,0,2295,seguro
0.0,0.0,0.0,1,1,0,100,1,5167,fraude
0.0,0.0,0.0,0,0,0,88,3,3229,suspeito
29.09,29.09,0.010717,1,0,0,95,0,2295,suspeito
-2.6,2.6,0.000352,3,0,0,30,0,111,fraude
30.49,30.49,0.00697,6,0,0,10,1,39,fraude
12.63,12.63,0.002127,0,1,0,10,1,39,fraude
0.97,0.97,0.000352,0,0,0,85,0,975,seguro
0.05,0.05,1.4e-05,0,0,0,85,0,975,seguro
-0.47,0.47,9.9e-05,1,0,0,88,3,3229,suspeito
0.0,0.0,0.0,0,0,0,30,0,111,seguro
0.0,0.0,0.0,0,0,0,10,1,39,fraude
-2.45,2.45,0.000278,1,1,0,95,0,2295,fraude
30.79,30.79,0.003391,0,0,0,88,3,3229,fraude
-63.59,63.59,0.008798,1,0,1,5,3,518,fraude
0.37,0.37,9.6e-05,0,0,0,90,0,2849,seguro
0.0,0.0,0.0,1,0,0,30,0,111,suspeito
0.0,0.0,0.0,0,0,0,5,3,518,fraude
-121.41,121.41,0.097162,0,1,1,10,1,39,fraude
0.0,0.0,0.0,71,0,0,30,0,111,suspeito
0.0,0.0,0.0,0,0,0,40,3,78,fraude
-0.79,0.79,0.0001,5,0,0,10,1,39,fraude
-19.19,19.19,0.005955,1,0,0,40,3,78,fraude
0.0,0.0,0.0,8,0,1,100,1,5167,fraude
0.0,0.0,0.0,0,0,0,85,0,975,seguro
-28.42,28.42,0.003373,0,0,0,85,0,975,suspeito
-7.65,7.65,0.000783,0,0,0,88,3,3229,fraude
0.29,0.29,3.8e-05,46,0,0,10,1,39,fraude
12209.47,12209.47,2.731993,0,0,0,40,3,78,fraude
-835.77,835.77,0.33341,6,0,1,10,1,39,fraude
-18.02,18.02,0.001864,1,1,0,100,1,5167,fraude
15.72,15.72,0.002006,0,0,0,95,0,2295,suspeito
0.0,0.0,0.0,0,0,0,40,3,78,fraude
7.12,7.12,0.005274,5,0,1,10,1,39,fraude
0.97,0.97,0.000634,0,0,0,10,1,39,fraude
-0.6,0.6,0.000106,60,0,0,30,0,111,fraude
-40.52,40.52,0.006707,0,0,1,95,0,2295,fraude
0.0,0.0,0.0,70,0,1,10,1,39,fraude
34.93,34.93,0.005068,0,0,0,10,1,39,fraude
49.54,49.54,0.009331,0,0,1,88,3,3229,fraude
0.0,0.0,0.0,1,1,1,40,3,78,fraude
0.0,0.0,0.0,0,1,0,95,0,2295,suspeito
-31.97,31.97,0.010326,1,0,1,10,1,39,fraude
3.46,3.46,0.000435,0,0,0,85,0,975,seguro
-2383.66,2383.66,0.83755,0,0,0,85,0,975,fraude
0.0,0.0,0.0,0,0,0,0,3,1701,fraude
-2973.75,2973.75,0.412338,7,1,0,30,0,111,fraude
0.0,0.0,0.0,1,1,0,90,0,2849,suspeito
0.29,0.29,0.000105,0,0,1,88,3,3229,fraude
0.0,0.0,0.0,0,0,1,30,0,111,suspeito
0.0,0.0,0.0,73,0,0,85,0,975,seguro
44.7,44.7,0.014111,0,0,0,85,0,975,suspeito
-25.2,25.2,0.026853,0,0,0,95,0,2295,suspeito
0.0,0.0,0.0,1,0,0,30,0,111,suspeito
-3.36,3.36,0.000429,0,0,0,90,0,2849,suspeito
1.14,1.14,0.000179,6,0,0,85,0,975,suspeito
-24.14,24.14,0.011179,2,0,0,85,0,975,fraude
16.47,16.47,0.002521,1,0,0,88,3,3229,fraude
0.0,0.0,0.0,0,0,0,10,1,39,fraude
0.0,0.0,0.0,11,1,0,100,1,5167,fraude
17.18,17.18,0.047374,33,0,0,5,3,518,fraude
38.87,38.87,0.012328,0,0,0,30,0,111,fraude
0.0,0.0,0.0,0,0,0,100,1,5167,seguro
0.0,0.0,0.0,0,1,0,40,3,78,fraude
-3364.24,3364.24,0.610969,0,0,0,90,0,2849,fraude
46.93,46.93,0.005215,1,0,1,90,0,2849,fraude
7025.05,7025.05,1.202306,0,0,0,5,3,518,fraude
0.0,0.0,0.0,0,0,0,30,0,111,seguro
-883.77,883.77,0.584396,0,0,0,95,0,2295,fraude
-3.97,3.97,0.000547,1,0,0,88,3,3229,fraude
-0.14,0.14,2.2e-05,36,0,0,90,0,2849,suspeito
0.0,0.0,0.0,0,0,0,85,0,975,seguro
0.0,0.0,0.0,9,0,0,88,3,3229,fraude
9995.26,9995.26,4.974226,1,0,0,0,3,1701,fraude
-4.58,4.58,0.001041,1,0,0,100,1,5167,fraude
-2765.45,2765.45,0.698646,0,0,0,40,3,78,fraude
-38.81,38.81,0.023255,0,1,1,30,0,111,fraude
0.0,0.0,0.0,9,0,0,5,3,518,fraude
0.0,0.0,0.0,0,0,0,10,1,39,fraude
0.0,0.0,0.0,2,0,1,85,0,975,seguro
-0.28,0.28,0.000449,1,0,0,95,0,2295,seguro
0.0,0.0,0.0,19,0,0,30,0,111,fraude
0.0,0.0,0.0,6,0,0,100,1,5167,suspeito
14.84,14.84,0.002859,0,0,0,100,1,5167,fraude
41.33,41.33,0.010232,3,0,0,88,3,3229,fraude
-18.85,18.85,0.050072,0,0,0,40,3,78,fraude
0.0,0.0,0.0,1,0,0,88,3,3229,suspeito
0.0,0.0,0.0,0,1,0,30,0,111,fraude
-0.52,0.52,0.010375,0,0,0,0,3,1701,fraude
0.0,0.0,0.0,0,0,0,95,0,2295,seguro
-2855.71,2855.71,0.384252,0,0,0,90,0,2849,fraude
0.0,0.0,0.0,7,0,0,10,1,39,fraude
9.2,9.2,0.001683,2,0,0,40,3,78,fraude
0.0,0.0,0.0,1,0,0,90,0,2849,seguro
-2782.35,2782.35,0.747072,1,0,0,95,0,2295,fraude
0.0,0.0,0.0,0,1,0,40,3,78,fraude
14522.57,14522.57,4.284803,1,0,0,10,1,39,fraude
-19.97,19.97,0.004117,52,0,1,95,0,2295,fraude
-587.36,587.36,0.095068,1,0,0,5,3,518,fraude
43.27,43.27,0.00853,0,0,0,100,1,5167,fraude
-31.63,31.63,0.003906,0,0,0,5,3,518,fraude
-4684.62,4684.62,0.816297,0,0,1,40,3,78,fraude
0.0,0.0,0.0,0,0,0,30,0,111,seguro
15.0,15.0,0.020545,0,0,0,100,1,5167,suspeito
0.0,0.0,0.0,63,0,0,85,0,975,suspeito
0.0,0.0,0.0,66,1,0,88,3,3229,fraude
1083.72,1083.72,0.590686,0,0,0,5,3,518,fraude
0.0,0.0,0.0,0,0,0,40,3,78,fraude
0.0,0.0,0.0,1,0,0,5,3,518,fraude
-32.78,32.78,0.005454,0,1,0,90,0,2849,fraude
-29.59,29.59,0.006526,0,0,1,5,3,518,fraude
0.0,0.0,0.0,5,0,0,10,1,39,fraude
-13.4,13.4,0.065951,0,0,0,30,0,111,fraude
0.0,0.0,0.0,0,0,1,10,1,39,fraude
-0.26,0.26,2.8e-05,0,0,1,100,1,5167,suspeito
11.0,11.0,0.001636,1,0,1,0,3,1701,fraude
0.0,0.0,0.0,0,0,0,90,0,2849,seguro
-30.15,30.15,0.01375,0,0,0,95,0,2295,suspeito
0.0,0.0,0.0,4,0,0,95,0,2295,seguro
-0.21,0.21,2.7e-05,8,0,0,95,0,2295,suspeito
0.0,0.0,0.0,3,0,0,10,1,39,fraude
0.0,0.0,0.0,3,0,0,90,0,2849,seguro
0.0,0.0,0.0,0,1,0,5,3,518,fraude
-459.0,459.0,0.11148,0,0,0,85,0,975,fraude
-5456.08,5456.08,0.618405,0,0,0,85,0,975,fraude
4.76,4.76,0.001841,6,0,0,40,3,78,fraude
0.0,0.0,0.0,0,0,0,100,1,5167,seguro
0.0,0.0,0.0,0,0,0,95,0,2295,seguro
-0.02,0.02,4e-06,0,0,0,40,3,78,fraude
43.29,43.29,0.01001,0,0,0,40,3,78,fraude
0.0,0.0,0.0,0,0,0,10,1,39,fraude
0.0,0.0,0.0,0,0,0,90,0,2849,seguro
29.02,29.02,0.008561,18,0,0,95,0,2295,fraude
-21.19,21.19,0.012051,3,1,0,5,3,518,fraude
-1996.97,1996.97,0.400817,26,0,0,30,0,111,fraude
30.96,30.96,0.003253,4,0,0,30,0,111,fraude
44.2,44.2,0.019576,1,0,0,100,1,5167,fraude
0.0,0.0,0.0,7,0,0,0,3,1701,fraude
0.08,0.08,9e-06,0,0,0,0,3,1701,fraude
-3677.76,3677.76,0.49408,75,0,0,0,3,1701,fraude
-16.74,16.74,0.001679,0,0,0,90,0,2849,suspeito
0.0,0.0,0.0,39,0,0,90,0,2849,seguro
-5.67,5.67,0.001506,0,1,0,30,0,111,fraude
1.72,1.72,0.000253,0,0,0,40,3,78,fraude
0.0,0.0,0.0,0,0,0,0,3,1701,fraude
-8.67,8.67,0.001492,0,0,0,5,3,518,fraude
0.0,0.0,0.0,1,0,0,88,3,3229,suspeito
0.0,0.0,0.0,0,0,0,30,0,111,seguro
-13.94,13.94,0.005058,70,0,0,30,0,111,fraude
0.0,0.0,0.0,8,0,0,90,0,2849,seguro
37.64,37.64,0.004778,0,0,0,10,1,39,fraude
-43.05,43.05,0.005217,2,0,0,95,0,2295,fraude
-0.66,0.66,8.9e-05,0,0,0,88,3,3229,fraude
-7354.8,7354.8,0.765046,0,1,1,30,0,111,fraude
0.0,0.0,0.0,3,0,0,100,1,5167,suspeito
-43.36,43.36,0.007666,1,0,0,5,3,518,fraude
20.07,20.07,0.004509,0,0,0,95,0,2295,suspeito
0.44,0.44,6.9e-05,0,0,0,100,1,5167,seguro
0.0,0.0,0.0,0,0,0,10,1,39,fraude
0.0,0.0,0.0,1,0,1,100,1,5167,suspeito
-30.37,30.37,0.018931,0,0,0,10,1,39,fraude
30.88,30.88,0.128405,1,0,0,85,0,975,suspeito
0.4,0.4,7.4e-05,0,0,0,10,1,39,fraude
-35.43,35.43,0.035632,0,0,0,88,3,3229,fraude
-5245.99,5245.99,0.595075,0,0,0,90,0,2849,fraude
0.0,0.0,0.0,0,0,0,88,3,3229,suspeito
-4347.06,4347.06,0.700126,0,0,0,40,3,78,fraude
0.0,0.0,0.0,0,1,0,5,3,518,fraude
0.0,0.0,0.0,41,0,0,85,0,975,seguro
0.0,0.0,0.0,1,0,1,88,3,3229,fraude
0.0,0.0,0.0,1,1,0,5,3,518,fraude
0.0,0.0,0.0,0,0,0,10,1,39,fraude
15.88,15.88,0.003301,0,1,0,100,1,5167,fraude
0.0,0.0,0.0,0,0,0,5,3,518,fraude
43.25,43.25,0.006466,0,0,0,85,0,975,suspeito
-28.42,28.42,0.006002,1,0,0,85,0,975,suspeito
-21.39,21.39,0.016761,0,0,0,85,0,975,suspeito
-1897.94,1897.94,0.368294,81,0,0,0,3,1701,fraude
-244.07,244.07,0.17947,4,0,0,10,1,39,fraude
0.0,0.0,0.0,9,0,0,88,3,3229,fraude
-17.54,17.54,0.0024,50,0,0,30,0,111,fraude
-50.68,50.68,0.896991,1,0,0,90,0,2849,fraude
0.0,0.0,0.0,0,0,0,30,0,111,seguro
-1.32,1.32,0.000168,6,0,0,5,3,518,fraude
46.82,46.82,0.009085,0,0,0,85,0,975,suspeito
0.0,0.0,0.0,1,0,0,40,3,78,fraude
0.0,0.0,0.0,1,0,0,100,1,5167,seguro
-1358.97,1358.97,0.175461,21,0,0,30,0,111,fraude
0.0,0.0,0.0,9,0,0,95,0,2295,seguro
12.49,12.49,0.00237,0,1,0,95,0,2295,fraude
0.0,0.0,0.0,1,0,0,88,3,3229,suspeito
0.0,0.0,0.0,0,0,0,5,3,518,fraude
9774.03,9774.03,1.564906,0,1,0,90,0,2849,fraude
25510.79,25510.79,4.695543,0,0,0,88,3,3229,fraude
0.0,0.0,0.0,34,0,0,88,3,3229,fraude
-4276.02,4276.02,0.737242,9,0,0,88,3,3229,fraude
-0.4,0.4,6e-05,5,0,0,0,3,1701,fraude
0.0,0.0,0.0,0,0,0,10,1,39,fraude
0.12,0.12,6.8e-05,1,0,0,10,1,39,fraude
-45.22,45.22,0.037372,0,0,0,88,3,3229,fraude
-543.28,543.28,0.49244,1,0,0,85,0,975,fraude
0.13,0.13,2.2e-05,78,1,0,5,3,518,fraude
-43.31,43.31,0.006176,0,0,0,30,0,111,fraude
2.56,2.56,0.0006,9,0,1,10,1,39,fraude
-11.69,11.69,0.036402,10,0,0,90,0,2849,fraude
-589.49,589.49,0.727245,0,1,0,30,0,111,fraude
0.0,0.0,0.0,44,0,0,30,0,111,suspeito
0.0,0.0,0.0,0,0,1,30,0,111,suspeito
0.0,0.0,0.0,0,0,0,40,3,78,fraude
-1910.44,1910.44,0.205764,0,0,0,30,0,111,fraude
0.0,0.0,0.0,1,0,0,95,0,2295,seguro
20007.75,20007.75,2.223666,7,0,0,30,0,111,fraude
0.0,0.0,0.0,13,0,0,90,0,2849,suspeito
4248.89,4248.89,1.323205,0,0,1,10,1,39,fraude
0.0,0.0,0.0,0,1,0,95,0,2295,suspeito
-42.39,42.39,0.005084,0,0,0,40,3,78,fraude
0.51,0.51,6e-05,0,0,0,5,3,518,fraude
-1595.27,1595.27,0.742566,0,1,0,0,3,1701,fraude
396.09,396.09,0.146918,1,0,0,40,3,78,fraude
-21.44,21.44,0.006901,0,0,0,100,1,5167,fraude
34.83,34.83,0.004363,0,0,1,0,3,1701,fraude
0.0,0.0,0.0,6,0,0,5,3,518,fraude
-0.06,0.06,6e-06,0,0,0,85,0,975,seguro
0.0,0.0,0.0,0,0,0,10,1,39,fraude
-14.49,14.49,0.001488,1,0,0,90,0,2849,suspeito
-0.17,0.17,0.000174,0,0,0,88,3,3229,suspeito
0.0,0.0,0.0,0,0,0,88,3,3229,suspeito
-28.09,28.09,0.005768,0,0,0,95,0,2295,suspeito
0.0,0.0,0.0,0,0,0,40,3,78,fraude
0.0,0.0,0.0,4,0,0,90,0,2849,seguro
0.0,0.0,0.0,0,1,0,10,1,39,fraude
-2440.91,2440.91,0.361763,0,0,0,90,0,2849,fraude
108.2,108.2,0.272099,0,0,0,5,3,518,fraude
-1546.2,1546.2,0.266624,0,0,0,95,0,2295,fraude
-25.53,25.53,0.004113,1,1,0,85,0,975,fraude
0.0,0.0,0.0,8,0,0,100,1,5167,suspeito
39.78,39.78,0.006084,1,0,1,30,0,111,fraude
-30.12,30.12,0.009191,1,0,0,95,0,2295,suspeito
12.09,12.09,0.004325,1,0,0,90,0,2849,suspeito
0.0,0.0,0.0,0,0,0,100,1,5167,seguro
-21.16,21.16,0.011283,0,1,0,85,0,975,fraude
-0.55,0.55,8.7e-05,0,0,0,40,3,78,fraude
-307.57,307.57,0.557546,1,0,1,85,0,975,fraude
-0.15,0.15,1.6e-05,1,0,0,85,0,975,seguro
0.0,0.0,0.0,5,0,0,90,0,2849,seguro
-0.05,0.05,3.8e-05,1,0,0,88,3,3229,suspeito
-1090.49,1090.49,0.834729,0,0,0,40,3,78,fraude
0.0,0.0,0.0,1,1,1,30,0,111,fraude
-7244.25,7244.25,0.809475,1,0,0,88,3,3229,fraude
0.0,0.0,0.0,0,0,0,30,0,111,seguro
25492.77,25492.77,2.915959,3,0,0,10,1,39,fraude
0.0,0.0,0.0,1,1,0,88,3,3229,fraude
43.77,43.77,0.006234,0,0,0,90,0,2849,suspeito
0.0,0.0,0.0,0,0,0,100,1,5167,seguro
-27.53,27.53,0.005722,0,1,0,95,0,2295,fraude
-1432.69,1432.69,0.478861,0,0,0,5,3,518,fraude
-4496.59,4496.59,0.730476,1,0,0,30,0,111,fraude
17.53,17.53,0.002497,46,1,0,0,3,1701,fraude
-2694.66,2694.66,0.276289,13,0,0,0,3,1701,fraude
16.58,16.58,0.003,1,0,0,10,1,39,fraude
0.0,0.0,0.0,0,0,0,95,0,2295,seguro
0.0,0.0,0.0,1,0,0,0,3,1701,fraude
-0.73,0.73,0.000159,0,0,0,10,1,39,fraude
0.0,0.0,0.0,0,0,0,85,0,975,seguro
-11.53,11.53,0.001854,0,0,1,30,0,111,fraude
0.0,0.0,0.0,1,0,0,90,0,2849,seguro
-0.59,0.59,0.000379,0,0,0,95,0,2295,seguro
-41.6,41.6,0.008677,6,0,0,10,1,39,fraude
0.0,0.0,0.0,0,0,0,5,3,518,fraude
-63.28,63.28,0.409818,7,1,0,100,1,5167,fraude
0.0,0.0,0.0,1,0,0,100,1,5167,seguro
0.0,0.0,0.0,0,1,0,85,0,975,suspeito
0.0,0.0,0.0,0,1,0,90,0,2849,suspeito
-0.95,0.95,0.000158,0,0,0,40,3,78,fraude
0.0,0.0,0.0,6,0,0,40,3,78,fraude
-1.6,1.6,0.000424,0,0,0,40,3,78,fraude
0.0,0.0,0.0,0,0,0,95,0,2295,seguro
0.0,0.0,0.0,1,0,0,90,0,2849,seguro
1411.24,1411.24,0.251969,0,1,0,0,3,1701,fraude
-23.26,23.26,0.006969,0,0,0,30,0,111,fraude
-9.14,9.14,0.001206,0,0,0,5,3,518,fraude
0.0,0.0,0.0,2,0,1,0,3,1701,fraude
104.09,104.09,0.383997,15,0,0,30,0,111,fraude
-11.18,11.18,0.020065,1,1,0,0,3,1701,fraude
-42.34,42.34,0.006725,0,0,0,85,0,975,suspeito
3772.99,3772.99,0.914387,3,0,0,30,0,111,fraude
-6505.76,6505.76,0.780583,0,0,0,30,0,111,fraude
0.0,0.0,0.0,1,0,0,40,3,78,fraude
-1295.95,1295.95,0.795339,34,0,0,88,3,3229,fraude
-1893.63,1893.63,0.320371,0,0,0,40,3,78,fraude
-206.36,206.36,0.27959,0,1,0,85,0,975,fraude
30.9,30.9,0.003876,0,1,0,0,3,1701,fraude
-9.95,9.95,0.015162,0,0,0,100,1,5167,suspeito
0.0,0.0,0.0,0,1,0,85,0,975,suspeito
0.0,0.0,0.0,0,0,0,30,0,111,seguro
-40.7,40.7,0.004567,0,0,0,85,0,975,suspeito
0.0,0.0,0.0,0,0,0,30,0,111,suspeito
-5.0,5.0,0.001165,0,0,0,100,1,5167,suspeito
0.0,0.0,0.0,0,0,0,90,0,2849,seguro
0.0,0.0,0.0,0,0,0,5,3,518,fraude
-5948.71,5948.71,0.735608,0,0,0,90,0,2849,fraude
0.0,0.0,0.0,51,0,0,0,3,1701,fraude
38.24,38.24,0.015745,0,0,0,100,1,5167,suspeito
0.0,0.0,0.0,8,0,0,40,3,78,fraude
-36.74,36.74,0.027202,1,0,0,40,3,78,fraude
-20.52,20.52,0.006479,0,0,0,10,1,39,fraude
16.86,16.86,0.002041,7,0,0,88,3,3229,fraude
0.0,0.0,0.0,3,0,0,0,3,1701,fraude
-4305.28,4305.28,0.785357,5,1,0,5,3,518,fraude
-12.33,12.33,0.021076,0,0,1,0,3,1701,fraude
-0.09,0.09,0.00089,1,0,0,10,1,39,fraude
0.0,0.0,0.0,1,0,0,10,1,39,fraude
-16.05,16.05,0.00256,2,0,0,90,0,2849,fraude
0.0,0.0,0.0,1,0,0,5,3,518,fraude
37027.76,37027.76,4.66287,23,0,0,95,0,2295,fraude
-16.01,16.01,0.011153,0,1,0,88,3,3229,fraude
0.0,0.0,0.0,0,0,0,85,0,975,seguro
10118.86,10118.86,1.851454,0,0,0,90,0,2849,fraude
0.0,0.0,0.0,0,0,1,10,1,39,fraude
-21.34,21.34,0.00321,0,0,0,100,1,5167,fraude
-0.46,0.46,7.1e-05,0,0,0,85,0,975,seguro
0.0,0.0,0.0,0,0,0,40,3,78,fraude
0.0,0.0,0.0,0,0,0,0,3,1701,fraude
-4789.85,4789.85,0.652395,0,0,0,10,1,39,fraude
35.84,35.84,0.046162,0,0,0,85,0,975,suspeito
0.0,0.0,0.0,0,0,0,85,0,975,seguro
-5439.95,5439.95,0.790597,7,1,0,100,1,5167,fraude
-14.69,14.69,0.004532,5,0,0,88,3,3229,fraude
-1608.66,1608.66,0.299571,65,0,0,100,1,5167,fraude
0.0,0.0,0.0,0,1,0,88,3,3229,fraude
-6501.22,6501.22,0.665012,0,0,0,10,1,39,fraude
-7.07,7.07,0.005572,0,0,0,88,3,3229,fraude
0.0,0.0,0.0,0,0,0,90,0,2849,seguro
-38.7,38.7,0.213071,52,1,0,10,1,39,fraude
0.0,0.0,0.0,0,0,0,40,3,78,fraude
0.0,0.0,0.0,0,0,0,95,0,2295,seguro
0.0,0.0,0.0,0,1,0,0,3,1701,fraude
0.0,0.0,0.0,88,0,0,5,3,518,fraude
-41.63,41.63,0.005885,0,0,0,0,3,1701,fraude
0.0,0.0,0.0,32,0,0,95,0,2295,seguro
-4696.66,4696.66,0.508047,1,0,0,85,0,975,fraude
0.0,0.0,0.0,0,0,0,100,1,5167,seguro
-38.21,38.21,0.006492,1,0,0,88,3,3229,fraude
0.0,0.0,0.0,1,1,0,85,0,975,suspeito
18.66,18.66,0.002184,0,0,0,30,0,111,fraude
0.0,0.0,0.0,0,1,0,88,3,3229,fraude
-29.5,29.5,0.025446,1,0,0,30,0,111,fraude
0.0,0.0,0.0,26,0,0,30,0,111,suspeito
30.27,30.27,0.003179,2,0,0,90,0,2849,suspeito
-0.35,0.35,3.8e-05,62,0,0,5,3,518,fraude
40.78,40.78,0.00714,0,0,0,95,0,2295,suspeito
0.0,0.0,0.0,0,1,0,100,1,5167,fraude
-0.67,0.67,0.001196,0,0,0,30,0,111,suspeito
0.0,0.0,0.0,1,0,1,0,3,1701,fraude
7878.87,7878.87,3.582102,23,0,0,90,0,2849,fraude
-26.04,26.04,0.003817,0,1,1,88,3,3229,fraude
-42.12,42.12,0.017112,1,0,0,40,3,78,fraude
-0.31,0.31,3.6e-05,15,0,0,85,0,975,suspeito
-1800.63,1800.63,0.543662,0,0,0,85,0,975,fraude
-1313.86,1313.86,0.168895,0,0,0,100,1,5167,fraude
0.0,0.0,0.0,0,0,0,100,1,5167,seguro
-0.94,0.94,0.000141,1,0,0,5,3,518,fraude
6.94,6.94,0.012056,0,0,0,85,0,975,seguro
-3761.12,3761.12,0.527344,0,1,0,5,3,518,fraude
-31.55,31.55,0.016092,1,0,0,10,1,39,fraude
0.0,0.0,0.0,3,0,0,5,3,518,fraude
-968.35,968.35,0.128906,0,0,0,10,1,39,fraude
0.34,0.34,0.000819,15,0,0,10,1,39,fraude
-17.53,17.53,0.005345,0,0,0,88,3,3229,fraude
-516.76,516.76,0.112453,0,0,0,0,3,1701,fraude
0.0,0.0,0.0,0,1,0,5,3,518,fraude
0.0,0.0,0.0,1,0,0,85,0,975,seguro
0.0,0.0,0.0,0,0,1,85,0,975,seguro
-15.21,15.21,0.001792,0,0,0,90,0,2849,suspeito
0.0,0.0,0.0,0,0,0,88,3,3229,suspeito
-26.22,26.22,0.003075,0,1,0,95,0,2295,fraude
0.0,0.0,0.0,1,0,0,100,1,5167,seguro
-2407.61,2407.61,0.588106,6,0,0,0,3,1701,fraude
-20.72,20.72,0.004326,0,0,0,5,3,518,fraude
21291.54,21291.54,2.254294,0,0,0,5,3,518,fraude
0.0,0.0,0.0,89,0,0,40,3,78,fraude
-513.84,513.84,0.131406,86,0,0,90,0,2849,fraude
-945.4,945.4,0.257892,0,0,0,5,3,518,fraude
0.0,0.0,0.0,0,0,0,100,1,5167,seguro
-0.24,0.24,7e-05,1,0,0,88,3,3229,fraude
20.29,20.29,0.006156,1,0,0,0,3,1701,fraude
0.0,0.0,0.0,0,0,0,5,3,518,fraude
-33.57,33.57,0.021521,0,0,0,10,1,39,fraude
-350.29,350.29,0.134659,8,0,0,40,3,78,fraude
0.0,0.0,0.0,0,0,0,88,3,3229,suspeito
-43.32,43.32,0.005714,58,1,1,90,0,2849,fraude
-3.68,3.68,0.000445,46,0,0,5,3,518,fraude
0.0,0.0,0.0,0,1,0,100,1,5167,fraude
0.0,0.0,0.0,0,0,1,40,3,78,fraude
0.0,0.0,0.0,0,0,0,5,3,518,fraude
0.0,0.0,0.0,0,1,1,30,0,111,fraude
0.0,0.0,0.0,0,0,0,100,1,5167,seguro
-0.53,0.53,5.9e-05,0,0,0,88,3,3229,suspeito
0.94,0.94,0.00012,0,0,1,30,0,111,suspeito
-14.84,14.84,0.010088,0,0,0,100,1,5167,fraude
0.0,0.0,0.0,0,0,0,95,0,2295,seguro
-45.57,45.57,0.013474,0,0,0,10,1,39,fraude
-47.18,47.18,0.008243,4,0,0,40,3,78,fraude
10309.73,10309.73,1.187975,9,0,0,40,3,78,fraude
-80.25,80.25,0.128499,0,1,0,100,1,5167,fraude
9.35,9.35,0.002499,0,0,0,85,0,975,seguro
-40.04,40.04,0.011805,0,0,0,88,3,3229,fraude
-0.96,0.96,0.000187,1,0,0,40,3,78,fraude
-36.18,36.18,0.004165,0,1,0,85,0,975,fraude
12009.39,12009.39,1.24205,0,0,0,88,3,3229,fraude
0.0,0.0,0.0,0,0,0,0,3,1701,fraude
3.35,3.35,0.002338,59,1,0,88,3,3229,fraude
-0.58,0.58,0.00014,77,0,1,40,3,78,fraude
0.0,0.0,0.0,1,0,0,40,3,78,fraude
0.22,0.22,2.6e-05,0,0,1,10,1,39,fraude
-253.27,253.27,0.098275,1,0,0,40,3,78,fraude
-7.83,7.83,0.063375,9,0,0,5,3,518,fraude
-5929.88,5929.88,0.761374,0,0,0,0,3,1701,fraude
24799.07,24799.07,3.890331,0,0,0,95,0,2295,suspeito
-0.72,0.72,0.000242,1,0,0,95,0,2295,seguro
-23.44,23.44,0.004104,0,0,0,100,1,5167,fraude
-26.42,26.42,0.004623,0,0,0,100,1,5167,fraude
0.0,0.0,0.0,1,1,0,85,0,975,suspeito
0.0,0.0,0.0,3,0,0,10,1,39,fraude
-32.67,32.67,0.003912,0,0,1,30,0,111,fraude
-7.54,7.54,0.002546,1,0,0,95,0,2295,suspeito
0.52,0.52,8.9e-05,1,0,0,10,1,39,fraude
0.0,0.0,0.0,0,1,0,90,0,2849,suspeito
0.0,0.0,0.0,0,0,0,5,3,518,fraude
0.0,0.0,0.0,1,0,0,95,0,2295,seguro
-33.06,33.06,0.004184,84,0,0,95,0,2295,fraude
0.0,0.0,0.0,4,0,1,95,0,2295,suspeito
0.0,0.0,0.0,1,0,0,95,0,2295,seguro
0.0,0.0,0.0,79,0,0,5,3,518,fraude
-33.45,33.45,0.00933,1,0,0,100,1,5167,fraude
0.0,0.0,0.0,1,0,0,30,0,111,seguro
25.55,25.55,0.002937,1,1,0,100,1,5167,fraude
0.0,0.0,0.0,72,1,0,40,3,78,fraude
-0.35,0.35,4.1e-05,0,1,0,88,3,3229,fraude
-0.94,0.94,0.000486,0,1,0,90,0,2849,suspeito
5621.68,5621.68,2.717901,0,0,0,10,1,39,fraude
-11.09,11.09,0.001493,0,1,0,88,3,3229,fraude
-4.79,4.79,0.00063,0,0,0,0,3,1701,fraude
41.89,41.89,0.005353,0,0,0,100,1,5167,suspeito
0.0,0.0,0.0,12,0,0,90,0,2849,seguro
0.0,0.0,0.0,33,0,0,5,3,518,fraude
-1349.39,1349.39,0.524824,0,0,0,30,0,111,fraude
0.0,0.0,0.0,1,0,0,30,0,111,seguro
-10.32,10.32,0.001883,0,0,1,90,0,2849,fraude
-0.79,0.79,0.000724,0,1,0,40,3,78,fraude
-5.25,5.25,0.000624,0,0,0,90,0,2849,suspeito
-14.04,14.04,0.002052,0,0,0,90,0,2849,suspeito
6858.32,6858.32,0.823101,1,0,0,95,0,2295,fraude
-1682.14,1682.14,0.739418,0,0,0,95,0,2295,fraude
0.0,0.0,0.0,0,0,0,95,0,2295,seguro
0.0,0.0,0.0,87,0,0,90,0,2849,seguro
0.0,0.0,0.0,1,1,0,5,3,518,fraude
0.0,0.0,0.0,0,0,0,95,0,2295,seguro
8714.24,8714.24,1.061962,0,0,0,90,0,2849,suspeito
6755.49,6755.49,4.823042,0,0,0,100,1,5167,fraude
0.0,0.0,0.0,0,0,0,95,0,2295,seguro
-2534.39,2534.39,0.256973,0,1,0,40,3,78,fraude
0.0,0.0,0.0,0,1,0,85,0,975,suspeito
0.0,0.0,0.0,0,0,0,10,1,39,fraude
-44.44,44.44,0.005573,0,0,0,10,1,39,fraude
-14.58,14.58,0.043319,0,0,0,88,3,3229,fraude
8528.31,8528.31,0.966308,1,0,0,88,3,3229,fraude
0.0,0.0,0.0,0,0,0,95,0,2295,seguro
5254.5,5254.5,1.925826,0,0,0,95,0,2295,suspeito
-1594.73,1594.73,0.608655,0,0,0,100,1,5167,fraude
8716.09,8716.09,2.408099,0,0,0,5,3,518,fraude
31.32,31.32,0.005254,0,0,0,88,3,3229,fraude
0.93,0.93,0.0002,1,0,0,10,1,39,fraude
0.0,0.0,0.0,0,0,0,40,3,78,fraude
0.0,0.0,0.0,0,0,0,85,0,975,seguro
0.0,0.0,0.0,1,0,0,85,0,975,seguro
0.0,0.0,0.0,0,1,0,100,1,5167,fraude
34.55,34.55,0.008804,0,0,0,88,3,3229,fraude
0.0,0.0,0.0,0,0,0,5,3,518,fraude
2.54,2.54,0.00039,0,0,0,95,0,2295,seguro
-2807.64,2807.64,0.364211,79,0,1,10,1,39,fraude
0.0,0.0,0.0,3,0,0,88,3,3229,fraude
777.23,777.23,0.265534,0,0,0,100,1,5167,fraude
0.0,0.0,0.0,29,0,1,40,3,78,fraude
11.3,11.3,0.008695,0,0,0,85,0,975,suspeito
-38.36,38.36,0.043407,1,0,1,0,3,1701,fraude
20569.77,20569.77,2.51239,0,0,0,10,1,39,fraude
0.0,0.0,0.0,0,0,0,85,0,975,seguro
-0.11,0.11,0.000131,0,0,0,88,3,3229,suspeito
0.0,0.0,0.0,1,0,0,30,0,111,suspeito
0.0,0.0,0.0,0,0,0,40,3,78,fraude
0.0,0.0,0.0,0,0,0,30,0,111,seguro
17.71,17.71,0.00302,7,0,0,90,0,2849,fraude
0.0,0.0,0.0,6,0,0,10,1,39,fraude
-701.05,701.05,0.288913,0,0,0,5,3,518,fraude
0.0,0.0,0.0,0,0,0,5,3,518,fraude
0.28,0.28,0.000149,1,1,0,30,0,111,fraude
-11.04,11.04,0.003228,1,1,0,40,3,78,fraude
0.0,0.0,0.0,1,0,0,5,3,518,fraude
0.0,0.0,0.0,0,0,0,88,3,3229,suspeito
0.0,0.0,0.0,1,0,0,90,0,2849,seguro
0.0,0.0,0.0,0,0,0,95,0,2295,seguro
0.0,0.0,0.0,0,0,0,40,3,78,fraude
-32.28,32.28,0.010186,1,1,0,5,3,518,fraude
0.0,0.0,0.0,0,0,0,95,0,2295,seguro
3596.72,3596.72,0.884567,1,0,0,10,1,39,fraude
0.0,0.0,0.0,1,0,0,88,3,3229,suspeito
-452.83,452.83,0.061923,0,0,0,85,0,975,fraude
0.0,0.0,0.0,1,1,0,100,1,5167,fraude
-17.25,17.25,0.001954,1,0,0,95,0,2295,fraude
0.0,0.0,0.0,0,0,1,30,0,111,suspeito
-8.64,8.64,0.000921,0,0,0,88,3,3229,fraude
-0.91,0.91,0.000129,1,1,0,88,3,3229,fraude
-44.55,44.55,0.005639,1,0,0,85,0,975,suspeito
0.0,0.0,0.0,0,0,0,30,0,111,seguro
0.0,0.0,0.0,1,1,0,40,3,78,fraude
